scheme,P,term,nominal_rank,added_by_hierarchy
area_cbrt_K3,30,NBR_t,1,FALSE
area_cbrt_K3,30,NBR2_t,2,FALSE
area_cbrt_K3,30,NBR_t__NBR2_t,3,FALSE
area_cbrt_K3,30,NPV_med,4,FALSE
area_cbrt_K3,30,NDVI_t,5,FALSE
area_cbrt_K3,30,SWIR2_t,6,FALSE
area_cbrt_K3,30,SWIR1_t,7,FALSE
area_cbrt_K3,30,NPV_med__NBR2_t,8,FALSE
area_cbrt_K3,30,NIR_t,9,FALSE
area_cbrt_K3,30,NBR2_t__NDVI_t,10,FALSE
area_cbrt_K3,30,NDMI_t,11,FALSE
area_cbrt_K3,30,NBR2_t__NDSI_t,12,FALSE
area_cbrt_K3,30,NDFI_sd,13,FALSE
area_cbrt_K3,30,NDVI_med__NDVI_t,14,FALSE
area_cbrt_K3,30,NDWI_med__NBR2_t,15,FALSE
area_cbrt_K3,30,NIR_med__NIR_t,16,FALSE
area_cbrt_K3,30,NDVI_med,17,FALSE
area_cbrt_K3,30,NDVI_med__NBR2_t,18,FALSE
area_cbrt_K3,30,NDMI_t__NDSI_t,19,FALSE
area_cbrt_K3,30,SWIR2_med__SWIR2_t,20,FALSE
area_cbrt_K3,30,NDWI_med,21,FALSE
area_cbrt_K3,30,SWIR2_med,22,FALSE
area_cbrt_K3,30,NIR_t__NBR_t,23,FALSE
area_cbrt_K3,30,SWIR1_t__SWIR2_t,24,FALSE
area_cbrt_K3,30,SWIR1_t__NDVI_t,25,FALSE
area_cbrt_K3,30,NDFI_med,26,FALSE
area_cbrt_K3,30,NDVI_med__SWIR1_t,27,FALSE
area_cbrt_K3,30,NIR_t__SWIR2_t,28,FALSE
area_cbrt_K3,30,NDWI_med__SWIR1_t,29,FALSE
area_cbrt_K3,30,NDVI_med__NIR_t,30,FALSE
area_cbrt_K3,30,NDSI_t,31,TRUE
area_cbrt_K3,30,NIR_med,41,TRUE
area_cbrt_K3,40,NBR_t,1,FALSE
area_cbrt_K3,40,NBR2_t,2,FALSE
area_cbrt_K3,40,NBR_t__NBR2_t,3,FALSE
area_cbrt_K3,40,NPV_med,4,FALSE
area_cbrt_K3,40,NDVI_t,5,FALSE
area_cbrt_K3,40,SWIR2_t,6,FALSE
area_cbrt_K3,40,SWIR1_t,7,FALSE
area_cbrt_K3,40,NPV_med__NBR2_t,8,FALSE
area_cbrt_K3,40,NIR_t,9,FALSE
area_cbrt_K3,40,NBR2_t__NDVI_t,10,FALSE
area_cbrt_K3,40,NDMI_t,11,FALSE
area_cbrt_K3,40,NBR2_t__NDSI_t,12,FALSE
area_cbrt_K3,40,NDFI_sd,13,FALSE
area_cbrt_K3,40,NDVI_med__NDVI_t,14,FALSE
area_cbrt_K3,40,NDWI_med__NBR2_t,15,FALSE
area_cbrt_K3,40,NIR_med__NIR_t,16,FALSE
area_cbrt_K3,40,NDVI_med,17,FALSE
area_cbrt_K3,40,NDVI_med__NBR2_t,18,FALSE
area_cbrt_K3,40,NDMI_t__NDSI_t,19,FALSE
area_cbrt_K3,40,SWIR2_med__SWIR2_t,20,FALSE
area_cbrt_K3,40,NDWI_med,21,FALSE
area_cbrt_K3,40,SWIR2_med,22,FALSE
area_cbrt_K3,40,NIR_t__NBR_t,23,FALSE
area_cbrt_K3,40,SWIR1_t__SWIR2_t,24,FALSE
area_cbrt_K3,40,SWIR1_t__NDVI_t,25,FALSE
area_cbrt_K3,40,NDFI_med,26,FALSE
area_cbrt_K3,40,NDVI_med__SWIR1_t,27,FALSE
area_cbrt_K3,40,NIR_t__SWIR2_t,28,FALSE
area_cbrt_K3,40,NDWI_med__SWIR1_t,29,FALSE
area_cbrt_K3,40,NDVI_med__NIR_t,30,FALSE
area_cbrt_K3,40,NDSI_t,31,FALSE
area_cbrt_K3,40,RED_t,32,FALSE
area_cbrt_K3,40,NDVI_t__NDMI_t,33,FALSE
area_cbrt_K3,40,GREEN_med,34,FALSE
area_cbrt_K3,40,NDWI_sd,35,FALSE
area_cbrt_K3,40,SWIR1_t__NDMI_t,36,FALSE
area_cbrt_K3,40,NIR_sd,37,FALSE
area_cbrt_K3,40,NDFI_sd__NDVI_t,38,FALSE
area_cbrt_K3,40,SWIR2_wet,39,FALSE
area_cbrt_K3,40,NDWI_med__NBR_t,40,FALSE
area_cbrt_K3,40,NIR_med,41,TRUE
area_cbrt_K3,50,NBR_t,1,FALSE
area_cbrt_K3,50,NBR2_t,2,FALSE
area_cbrt_K3,50,NBR_t__NBR2_t,3,FALSE
area_cbrt_K3,50,NPV_med,4,FALSE
area_cbrt_K3,50,NDVI_t,5,FALSE
area_cbrt_K3,50,SWIR2_t,6,FALSE
area_cbrt_K3,50,SWIR1_t,7,FALSE
area_cbrt_K3,50,NPV_med__NBR2_t,8,FALSE
area_cbrt_K3,50,NIR_t,9,FALSE
area_cbrt_K3,50,NBR2_t__NDVI_t,10,FALSE
area_cbrt_K3,50,NDMI_t,11,FALSE
area_cbrt_K3,50,NBR2_t__NDSI_t,12,FALSE
area_cbrt_K3,50,NDFI_sd,13,FALSE
area_cbrt_K3,50,NDVI_med__NDVI_t,14,FALSE
area_cbrt_K3,50,NDWI_med__NBR2_t,15,FALSE
area_cbrt_K3,50,NIR_med__NIR_t,16,FALSE
area_cbrt_K3,50,NDVI_med,17,FALSE
area_cbrt_K3,50,NDVI_med__NBR2_t,18,FALSE
area_cbrt_K3,50,NDMI_t__NDSI_t,19,FALSE
area_cbrt_K3,50,SWIR2_med__SWIR2_t,20,FALSE
area_cbrt_K3,50,NDWI_med,21,FALSE
area_cbrt_K3,50,SWIR2_med,22,FALSE
area_cbrt_K3,50,NIR_t__NBR_t,23,FALSE
area_cbrt_K3,50,SWIR1_t__SWIR2_t,24,FALSE
area_cbrt_K3,50,SWIR1_t__NDVI_t,25,FALSE
area_cbrt_K3,50,NDFI_med,26,FALSE
area_cbrt_K3,50,NDVI_med__SWIR1_t,27,FALSE
area_cbrt_K3,50,NIR_t__SWIR2_t,28,FALSE
area_cbrt_K3,50,NDWI_med__SWIR1_t,29,FALSE
area_cbrt_K3,50,NDVI_med__NIR_t,30,FALSE
area_cbrt_K3,50,NDSI_t,31,FALSE
area_cbrt_K3,50,RED_t,32,FALSE
area_cbrt_K3,50,NDVI_t__NDMI_t,33,FALSE
area_cbrt_K3,50,GREEN_med,34,FALSE
area_cbrt_K3,50,NDWI_sd,35,FALSE
area_cbrt_K3,50,SWIR1_t__NDMI_t,36,FALSE
area_cbrt_K3,50,NIR_sd,37,FALSE
area_cbrt_K3,50,NDFI_sd__NDVI_t,38,FALSE
area_cbrt_K3,50,SWIR2_wet,39,FALSE
area_cbrt_K3,50,NDWI_med__NBR_t,40,FALSE
area_cbrt_K3,50,NIR_med,41,FALSE
area_cbrt_K3,50,NDWI_med__NIR_t,42,FALSE
area_cbrt_K3,50,GREEN_med__GREEN_t,43,FALSE
area_cbrt_K3,50,NDVI_med__RED_t,44,FALSE
area_cbrt_K3,50,NDWI_sd__NBR2_t,45,FALSE
area_cbrt_K3,50,NDFI_sd__NIR_t,46,FALSE
area_cbrt_K3,50,NDVI_sd,47,FALSE
area_cbrt_K3,50,NPV_dry,48,FALSE
area_cbrt_K3,50,NPV_med__SWIR1_t,49,FALSE
area_cbrt_K3,50,NPV_sd,50,FALSE
area_cbrt_K3,50,GREEN_t,52,TRUE
area_cbrt_K3,60,NBR_t,1,FALSE
area_cbrt_K3,60,NBR2_t,2,FALSE
area_cbrt_K3,60,NBR_t__NBR2_t,3,FALSE
area_cbrt_K3,60,NPV_med,4,FALSE
area_cbrt_K3,60,NDVI_t,5,FALSE
area_cbrt_K3,60,SWIR2_t,6,FALSE
area_cbrt_K3,60,SWIR1_t,7,FALSE
area_cbrt_K3,60,NPV_med__NBR2_t,8,FALSE
area_cbrt_K3,60,NIR_t,9,FALSE
area_cbrt_K3,60,NBR2_t__NDVI_t,10,FALSE
area_cbrt_K3,60,NDMI_t,11,FALSE
area_cbrt_K3,60,NBR2_t__NDSI_t,12,FALSE
area_cbrt_K3,60,NDFI_sd,13,FALSE
area_cbrt_K3,60,NDVI_med__NDVI_t,14,FALSE
area_cbrt_K3,60,NDWI_med__NBR2_t,15,FALSE
area_cbrt_K3,60,NIR_med__NIR_t,16,FALSE
area_cbrt_K3,60,NDVI_med,17,FALSE
area_cbrt_K3,60,NDVI_med__NBR2_t,18,FALSE
area_cbrt_K3,60,NDMI_t__NDSI_t,19,FALSE
area_cbrt_K3,60,SWIR2_med__SWIR2_t,20,FALSE
area_cbrt_K3,60,NDWI_med,21,FALSE
area_cbrt_K3,60,SWIR2_med,22,FALSE
area_cbrt_K3,60,NIR_t__NBR_t,23,FALSE
area_cbrt_K3,60,SWIR1_t__SWIR2_t,24,FALSE
area_cbrt_K3,60,SWIR1_t__NDVI_t,25,FALSE
area_cbrt_K3,60,NDFI_med,26,FALSE
area_cbrt_K3,60,NDVI_med__SWIR1_t,27,FALSE
area_cbrt_K3,60,NIR_t__SWIR2_t,28,FALSE
area_cbrt_K3,60,NDWI_med__SWIR1_t,29,FALSE
area_cbrt_K3,60,NDVI_med__NIR_t,30,FALSE
area_cbrt_K3,60,NDSI_t,31,FALSE
area_cbrt_K3,60,RED_t,32,FALSE
area_cbrt_K3,60,NDVI_t__NDMI_t,33,FALSE
area_cbrt_K3,60,GREEN_med,34,FALSE
area_cbrt_K3,60,NDWI_sd,35,FALSE
area_cbrt_K3,60,SWIR1_t__NDMI_t,36,FALSE
area_cbrt_K3,60,NIR_sd,37,FALSE
area_cbrt_K3,60,NDFI_sd__NDVI_t,38,FALSE
area_cbrt_K3,60,SWIR2_wet,39,FALSE
area_cbrt_K3,60,NDWI_med__NBR_t,40,FALSE
area_cbrt_K3,60,NIR_med,41,FALSE
area_cbrt_K3,60,NDWI_med__NIR_t,42,FALSE
area_cbrt_K3,60,GREEN_med__GREEN_t,43,FALSE
area_cbrt_K3,60,NDVI_med__RED_t,44,FALSE
area_cbrt_K3,60,NDWI_sd__NBR2_t,45,FALSE
area_cbrt_K3,60,NDFI_sd__NIR_t,46,FALSE
area_cbrt_K3,60,NDVI_sd,47,FALSE
area_cbrt_K3,60,NPV_dry,48,FALSE
area_cbrt_K3,60,NPV_med__SWIR1_t,49,FALSE
area_cbrt_K3,60,NPV_sd,50,FALSE
area_cbrt_K3,60,NDWI_med__NDVI_t,51,FALSE
area_cbrt_K3,60,GREEN_t,52,FALSE
area_cbrt_K3,60,NPV_med__NDVI_t,53,FALSE
area_cbrt_K3,60,NDVI_sd__SWIR2_t,54,FALSE
area_cbrt_K3,60,SWIR1_med__SWIR1_t,55,FALSE
area_cbrt_K3,60,NPV_med__NIR_t,56,FALSE
area_cbrt_K3,60,NPV_med__SWIR2_t,57,FALSE
area_cbrt_K3,60,NDFI_sd__NBR2_t,58,FALSE
area_cbrt_K3,60,NDVI_wet,59,FALSE
area_cbrt_K3,60,NDFI_sd__RED_t,60,FALSE
area_cbrt_K3,60,SWIR1_med,72,TRUE
area_cbrt_K3,80,NBR_t,1,FALSE
area_cbrt_K3,80,NBR2_t,2,FALSE
area_cbrt_K3,80,NBR_t__NBR2_t,3,FALSE
area_cbrt_K3,80,NPV_med,4,FALSE
area_cbrt_K3,80,NDVI_t,5,FALSE
area_cbrt_K3,80,SWIR2_t,6,FALSE
area_cbrt_K3,80,SWIR1_t,7,FALSE
area_cbrt_K3,80,NPV_med__NBR2_t,8,FALSE
area_cbrt_K3,80,NIR_t,9,FALSE
area_cbrt_K3,80,NBR2_t__NDVI_t,10,FALSE
area_cbrt_K3,80,NDMI_t,11,FALSE
area_cbrt_K3,80,NBR2_t__NDSI_t,12,FALSE
area_cbrt_K3,80,NDFI_sd,13,FALSE
area_cbrt_K3,80,NDVI_med__NDVI_t,14,FALSE
area_cbrt_K3,80,NDWI_med__NBR2_t,15,FALSE
area_cbrt_K3,80,NIR_med__NIR_t,16,FALSE
area_cbrt_K3,80,NDVI_med,17,FALSE
area_cbrt_K3,80,NDVI_med__NBR2_t,18,FALSE
area_cbrt_K3,80,NDMI_t__NDSI_t,19,FALSE
area_cbrt_K3,80,SWIR2_med__SWIR2_t,20,FALSE
area_cbrt_K3,80,NDWI_med,21,FALSE
area_cbrt_K3,80,SWIR2_med,22,FALSE
area_cbrt_K3,80,NIR_t__NBR_t,23,FALSE
area_cbrt_K3,80,SWIR1_t__SWIR2_t,24,FALSE
area_cbrt_K3,80,SWIR1_t__NDVI_t,25,FALSE
area_cbrt_K3,80,NDFI_med,26,FALSE
area_cbrt_K3,80,NDVI_med__SWIR1_t,27,FALSE
area_cbrt_K3,80,NIR_t__SWIR2_t,28,FALSE
area_cbrt_K3,80,NDWI_med__SWIR1_t,29,FALSE
area_cbrt_K3,80,NDVI_med__NIR_t,30,FALSE
area_cbrt_K3,80,NDSI_t,31,FALSE
area_cbrt_K3,80,RED_t,32,FALSE
area_cbrt_K3,80,NDVI_t__NDMI_t,33,FALSE
area_cbrt_K3,80,GREEN_med,34,FALSE
area_cbrt_K3,80,NDWI_sd,35,FALSE
area_cbrt_K3,80,SWIR1_t__NDMI_t,36,FALSE
area_cbrt_K3,80,NIR_sd,37,FALSE
area_cbrt_K3,80,NDFI_sd__NDVI_t,38,FALSE
area_cbrt_K3,80,SWIR2_wet,39,FALSE
area_cbrt_K3,80,NDWI_med__NBR_t,40,FALSE
area_cbrt_K3,80,NIR_med,41,FALSE
area_cbrt_K3,80,NDWI_med__NIR_t,42,FALSE
area_cbrt_K3,80,GREEN_med__GREEN_t,43,FALSE
area_cbrt_K3,80,NDVI_med__RED_t,44,FALSE
area_cbrt_K3,80,NDWI_sd__NBR2_t,45,FALSE
area_cbrt_K3,80,NDFI_sd__NIR_t,46,FALSE
area_cbrt_K3,80,NDVI_sd,47,FALSE
area_cbrt_K3,80,NPV_dry,48,FALSE
area_cbrt_K3,80,NPV_med__SWIR1_t,49,FALSE
area_cbrt_K3,80,NPV_sd,50,FALSE
area_cbrt_K3,80,NDWI_med__NDVI_t,51,FALSE
area_cbrt_K3,80,GREEN_t,52,FALSE
area_cbrt_K3,80,NPV_med__NDVI_t,53,FALSE
area_cbrt_K3,80,NDVI_sd__SWIR2_t,54,FALSE
area_cbrt_K3,80,SWIR1_med__SWIR1_t,55,FALSE
area_cbrt_K3,80,NPV_med__NIR_t,56,FALSE
area_cbrt_K3,80,NPV_med__SWIR2_t,57,FALSE
area_cbrt_K3,80,NDFI_sd__NBR2_t,58,FALSE
area_cbrt_K3,80,NDVI_wet,59,FALSE
area_cbrt_K3,80,NDFI_sd__RED_t,60,FALSE
area_cbrt_K3,80,NDWI_wet,61,FALSE
area_cbrt_K3,80,NDVI_dry,62,FALSE
area_cbrt_K3,80,NDVI_sd__NDVI_t,63,FALSE
area_cbrt_K3,80,NDFI_med__NBR_t,64,FALSE
area_cbrt_K3,80,NIR_sd__NIR_t,65,FALSE
area_cbrt_K3,80,BLUE_t,66,FALSE
area_cbrt_K3,80,NDFI_sd__SWIR1_t,67,FALSE
area_cbrt_K3,80,NDFI_med__NDVI_t,68,FALSE
area_cbrt_K3,80,NPV_wet,69,FALSE
area_cbrt_K3,80,SWIR1_sd,70,FALSE
area_cbrt_K3,80,SWIR1_sd__SWIR1_t,71,FALSE
area_cbrt_K3,80,SWIR1_med,72,FALSE
area_cbrt_K3,80,NDFI_med__NIR_t,73,FALSE
area_cbrt_K3,80,GREEN_wet,74,FALSE
area_cbrt_K3,80,NDVI_sd__NBR2_t,75,FALSE
area_cbrt_K3,80,NDVI_med__SWIR2_t,76,FALSE
area_cbrt_K3,80,BLUE_t__NBR2_t,77,FALSE
area_cbrt_K3,80,NDWI_med__RED_t,78,FALSE
area_cbrt_K3,80,NDVI_med__NBR_t,79,FALSE
area_cbrt_K3,80,SWIR2_sd,80,FALSE
